groupflag,mathperson1,mathperson2,mathperson3,mathperson4,dislikemathclass,pursuestem,boysbetter,learnrace,racegroups,knowrace,connectrace1,affectrace,proudrace,mixrace,unclearrace,connectrace2,dontknowrace,belongrace,understandrace,talkrace,priderace,avoidrace,practicerace,playotherrace,strongrace,enjoyotherrace,feelrace,racediscrimination,academicability_peers,mathability_peers,activities,deciderules,makeadiff,adultcares,adultnotices,adultlistens,adultpraise,adultmybest,adultmysuccess,mtchmematter,mtchlowerstandards,mtchraceexpect,mtchtalkrace,mtchignorerace,mtchvalues,mtchrespect,mtchfair,mtchsuccess,mtchmistakesok,mtchbiased,mtchmadeinteresting,mtchgenderbias,mtchmadeeasy,mtchrace,mtchrace2,mtchgender,mathcourse,mathnoadv,mathbad,mathpersistence,mathboring,mathgrades,mathimpt,peerbelief,mtchbelief,mtchdiscriminate,stereotype_asian,stereotype_white,stereotype_latino,stereotype_black,school_asian,school_white,school_latino,school_black,closerace,belongrace,raceidentity,raceaffects,raceproud,racehappy,raceunhappy,raceaffects2,racefriends,myracegood,age,sex,race,primarylanguage,primarylanguage1,flag_birthplace,flag_birthplace_text,gradelevel,collegetype,highesteducation,mothereducation
1,2,2,2,2,1,1,1,1,1,2,2,1,3,1,1,2,2,2,2,1,1,1,1,4,1,2,2,1,2,2,2,1,1,1,2,3,2,4,3,1,1,1,1,1,2,2,1,2,2,2,1,2,2,6,,2,Intermediate Algebra ,1,1,2,1,4,2,1,1,1,1,3,4,4,2,2,2,2,2,2,1,1,1,2,1,1,1,2,18,2,6,1,,1,,3,1,4,6
1,1,1,1,1,4,1,1,2,2,2,2,1,2,1,1,1,1,2,2,3,2,1,2,3,1,4,4,1,3,3,2,1,2,3,1,3,2,4,2,1,1,1,2,1,3,3,3,3,3,1,2,1,3,4,,1,Math203,3,3,1,4,2,2,1,1,1,2,2,2,2,2,2,3,3,1,1,1,1,2,2,1,1,1,3,22,2,1,3,Cambodian,1,,7,2,4,1
1,3,4,3,1,1,4,1,3,1,1,4,1,4,1,1,4,1,3,3,1,2,1,3,4,2,4,2,1,2,2,3,3,2,2,2,4,4,4,4,1,,1,2,1,4,4,4,4,4,1,3,1,4,6,,1,PreCal Math 1,1,1,2,1,4,4,1,1,1,1,2,2,2,2,2,2,2,1,1,2,1,2,2,1,1,1,1,34,2,6,1,,1,,6,2,5,4
1,3,3,3,3,1,1,1,2,2,2,3,1,4,1,2,2,2,2,2,2,2,1,1,2,2,2,2,4,2,3,3,1,2,2,2,2,3,3,3,1,1,1,2,1,3,3,3,3,3,1,2,1,2,7,Unsure,1,Intermediate algebra,1,1,2,2,3,2,1,1,1,2,2,3,4,2,2,2,3,2,2,2,1,3,3,1,1,1,2,20,1,7,1,,1,,6,2,4,4
1,3,3,3,3,3,3,3,3,3,3,3,3,3,3,3,2,3,2,3,3,3,3,3,3,3,3,3,3,3,3,2,2,2,2,2,2,2,2,2,3,3,3,3,3,3,3,3,3,3,3,3,3,3,3,,2,Math 203,3,3,3,2,3,3,3,3,3,2,2,2,2,2,2,2,2,3,3,3,3,3,3,3,3,3,3,20,1,3,1,,1,,6,2,5,5
1,1,2,2,3,2,1,1,1,1,4,4,1,4,1,1,3,1,4,4,3,4,2,3,3,2,2,2,4,3,3,3,3,3,3,3,3,3,3,3,3,3,3,3,3,3,3,3,3,3,3,3,3,3,4,,1,,3,3,3,3,3,3,3,3,3,3,3,2,3,3,2,3,2,3,2,3,2,3,2,3,2,3,2,18,1,4,1,,1,,6,3,5,6
1,1,1,2,2,3,1,1,2,1,2,4,1,2,1,2,4,4,2,2,1,1,1,1,2,2,3,2,2,3,4,2,3,2,3,1,2,3,3,3,3,1,1,1,4,2,2,1,2,2,3,1,1,1,2,,2,Elementary Math,2,2,1,3,3,2,2,2,1,1,2,3,3,1,1,1,1,1,2,1,1,2,2,2,1,1,1,18,2,6,1,,1,,6,3,4,4
1,3,3,3,3,1,3,1,3,2,1,4,2,4,1,1,4,2,3,3,3,3,1,3,3,3,4,4,4,3,3,3,3,3,3,3,3,3,3,3,1,1,1,1,1,4,4,4,4,4,1,4,1,4,4,,1,,1,1,3,1,4,4,1,1,1,1,2,2,3,1,1,1,1,3,3,3,3,3,3,1,1,1,1,,2,5,1,,1,,7,2,2,6
1,1,1,1,1,2,4,1,1,1,3,4,3,2,1,1,4,3,2,2,1,1,1,1,4,1,4,1,1,4,4,3,1,2,1,2,3,4,4,3,1,1,1,4,1,4,4,4,4,4,1,4,1,4,4,,1,MATH-203 Intermediate Algebra,4,4,2,1,1,4,1,3,1,1,2,3,4,1,1,1,1,1,1,1,3,1,1,4,2,2,3,19,1,6,1,,1,,6,2,4,8
1,1,2,1,1,2,1,1,1,1,3,3,1,4,1,1,3,2,2,2,2,4,1,1,2,2,3,4,3,3,3,1,1,1,1,1,2,3,3,3,1,1,1,1,1,1,1,1,1,1,2,1,1,1,4,,1,Math 203 hybrid 30755,2,3,1,4,3,2,2,3,1,2,2,3,3,2,2,2,2,1,1,1,1,4,4,1,1,1,2,23,2,4,1,,1,,6,2,4,1
1,1,1,1,1,4,1,2,4,4,4,4,4,4,4,3,2,2,3,2,3,2,3,2,3,2,3,2,3,3,4,2,3,2,1,1,1,1,1,1,4,1,1,1,1,1,1,1,1,1,1,1,1,1,4,,1,,2,3,2,3,2,2,3,2,3,2,1,2,1,1,2,1,2,1,2,3,4,3,2,1,2,3,4,37,2,3,1,,1,,8,2,4,6
1,2,2,1,1,3,4,1,1,3,2,4,2,3,1,1,3,2,2,2,1,1,1,2,3,1,4,1,1,2,3,2,3,4,4,3,3,3,4,4,1,1,1,1,1,4,4,4,4,4,1,4,1,4,4,,1,,2,2,3,1,3,4,4,1,1,2,2,3,3,2,3,2,2,2,1,1,3,1,1,3,2,1,2,27,2,6,1,,1,,6,2,5,4
1,1,1,1,2,3,1,1,3,2,2,2,2,2,1,2,2,2,1,1,2,2,4,1,2,2,4,2,2,3,3,2,3,3,3,2,2,2,2,2,1,1,1,2,1,3,3,3,3,3,1,3,1,3,4,,1,Algebra at alameda ,2,2,1,3,3,3,1,1,1,2,2,2,2,2,2,2,2,2,2,2,2,2,2,2,2,2,2,33,2,3,1,,1,,6,2,5,1
1,,,,,,,,,,,,,,,,,,,,,,,,,,,,,,,,,,,,,,,,,,,,,,,,,,,,,,,,,,,,,,,,,,,,,,,,,,,,,,,,,,,,,,,,,,,,,,,
1,2,3,3,3,2,2,1,2,3,4,4,4,4,1,1,2,1,3,3,2,4,1,2,2,3,4,4,2,3,3,2,2,3,2,2,4,3,3,3,1,1,1,2,2,3,4,4,3,2,1,3,1,3,4,,1,Advanced Algebra ,1,1,2,1,4,4,1,1,1,2,2,2,3,2,2,3,3,2,1,1,2,4,4,1,2,3,3,34,1,4,1,,1,,7,2,5,1
1,3,3,3,3,1,2,1,3,2,3,4,3,3,1,3,3,3,3,3,3,3,1,2,2,3,3,4,2,3,3,2,2,3,3,2,3,3,3,3,1,1,1,2,1,3,3,4,3,2,1,3,1,3,4,,1,Advanced Algebra,1,1,2,1,4,4,2,1,1,1,2,2,3,2,2,2,2,2,2,2,2,3,4,1,2,2,3,34,1,4,1,,1,,7,2,5,1
1,3,2,3,3,4,2,2,2,1,3,4,2,2,1,1,4,2,4,1,1,4,4,4,4,3,3,3,3,3,1,,2,3,4,4,4,4,4,4,1,1,1,1,1,4,4,4,4,4,3,4,1,4,4,,1,Math 203 intermediate algebra,1,1,1,3,4,1,3,1,1,1,2,2,2,1,2,2,2,2,2,2,1,2,2,1,2,1,2,22,2,1,3,Vietnamese ,1,,8,2,4,9
1,2,2,2,2,2,1,1,3,1,3,3,2,3,2,3,3,2,2,2,2,2,2,2,3,3,2,3,,1,3,2,2,2,2,2,3,2,3,3,3,1,1,1,1,2,3,3,2,1,1,2,1,1,4,,1,intermediate algebra,2,2,2,2,2,4,1,1,1,1,3,3,3,2,2,2,2,2,2,2,2,1,2,1,2,2,2,33,2,6,1,,2,Ukraine ,7,2,4,9
1,1,1,1,1,2,1,1,3,2,3,4,3,3,1,2,4,1,3,3,2,3,1,3,3,2,3,3,4,3,3,1,1,2,1,1,2,2,2,1,1,1,1,2,1,3,3,4,3,3,1,2,1,2,4,,1,203 intermediate algebra,2,1,1,2,4,1,1,1,1,2,2,2,2,2,2,2,2,2,2,3,3,3,3,1,3,1,2,25,2,1,3,Mien,1,,6,2,4,1
1,1,1,1,1,4,1,1,3,2,4,4,3,4,1,1,2,2,3,3,4,4,1,3,3,4,4,4,3,4,5,2,1,2,4,4,4,4,4,4,1,1,2,3,1,4,4,4,4,4,1,2,1,2,3,,1,Math 1 - PreCalculus,4,4,1,2,2,4,4,3,2,1,2,4,4,1,2,2,3,3,3,3,2,4,4,1,4,2,3,21,2,1,1,,1,,8,2,4,5
1,1,1,1,1,4,1,1,4,2,2,3,2,2,1,2,4,1,1,1,2,1,2,2,2,1,4,2,3,,,,,,,,,,,,1,1,1,2,1,3,4,3,4,4,1,3,1,3,4,,1,Math 203 (algebra for people who will never use it again in their lives),4,4,1,4,3,1,1,1,2,1,2,3,4,2,2,2,2,2,2,1,1,2,2,2,3,1,1,34,1,4,1,,1,,7,2,4,4
1,,,,,,,,,,,,,,,,,,,,,,,,,,,,,,,,,,,,,,,,,,,,,,,,,,,,,,,,,,,,,,,,,,,,,,,,,,,,,,,,,,,,,,,,,,,,,,,
1,1,1,1,1,1,1,2,1,2,3,2,3,4,2,2,4,1,2,2,1,1,1,4,4,1,2,4,3,2,4,2,1,2,2,1,2,2,2,1,2,1,1,1,1,2,2,2,1,2,1,2,1,1,1,,3,Math 203 Intermediate algebra,4,2,2,4,1,2,2,3,1,2,3,3,3,2,2,3,2,4,4,1,1,1,4,1,1,1,2,,2,1,3,,2,,6,2,3,4
1,2,2,2,2,1,3,1,2,2,4,4,3,3,1,1,3,2,3,2,2,3,1,3,3,3,3,3,4,2,3,3,3,3,4,3,3,3,3,3,2,1,1,1,4,2,2,1,2,2,4,3,4,3,4,,1,Intermediate Algebra ,1,1,2,2,3,3,2,2,1,1,2,3,4,1,2,3,4,4,3,2,2,2,3,2,3,1,3,18,1,1,1,,1,,5,3,5,6
1,3,3,3,4,1,4,1,2,1,4,4,4,3,1,1,4,2,1,3,2,2,1,3,3,1,3,3,2,1,1,4,2,3,3,3,4,4,4,3,1,1,1,3,1,4,4,4,3,4,1,3,1,4,3,,1,MATH-1-30834-S17 Precalculus,1,1,4,2,4,4,3,2,1,1,3,3,3,2,2,3,2,1,2,3,2,2,3,2,3,1,1,19,1,3,1,,1,,6,3,4,8
1,2,2,2,1,1,4,1,4,1,4,4,4,4,1,1,4,1,4,4,4,4,1,4,4,4,4,4,4,2,3,4,1,3,2,3,1,2,2,4,1,1,1,4,1,4,4,4,4,4,1,4,1,4,4,,1,Intermediate Algebra ,1,1,2,1,2,2,2,1,2,1,1,4,4,,,,,4,4,4,4,4,4,1,4,3,4,36,2,4,1,,1,,6,2,5,8
1,2,2,1,1,4,1,1,4,2,4,4,3,4,1,1,4,1,4,4,4,4,1,4,4,4,4,4,1,2,4,1,2,2,3,3,4,4,4,4,1,1,1,4,1,4,4,4,4,4,1,3,1,3,3,,1,pre-cal,3,3,1,2,4,4,3,1,1,1,2,3,3,1,1,1,1,4,4,4,4,4,4,1,3,2,4,31,2,7,1,,2,Yemen,8,2,5,1
1,2,2,2,2,1,2,1,2,1,2,4,1,2,2,2,3,2,2,2,2,2,2,2,2,2,2,2,2,3,3,2,2,2,2,2,2,2,2,2,3,1,1,2,4,3,3,4,4,4,1,3,1,3,4,,1,Math 203 hybrid,2,2,2,2,2,2,2,2,2,2,2,3,3,2,2,2,2,2,2,2,2,2,2,2,2,2,2,20,1,7,1,,1,,6,2,4,4
1,3,3,3,3,1,1,1,2,4,3,1,3,4,1,2,2,1,4,3,2,2,1,4,4,3,3,3,1,2,2,4,2,2,4,4,4,4,4,4,1,1,1,3,1,3,4,4,3,3,3,3,1,3,6,,2,Statistics for Sociology Majors STATS232,1,1,3,2,3,4,1,1,1,1,2,3,3,2,2,2,2,4,2,2,3,2,3,1,1,1,1,21,2,6,1,,2,Canada,8,3,5,5
1,3,2,2,2,2,4,1,1,1,2,3,1,3,1,1,3,2,1,1,1,1,1,2,3,1,3,3,1,2,3,3,2,3,4,3,3,3,4,3,1,1,1,2,1,4,4,4,4,4,1,3,1,3,6,,2,Biology Statistics ,1,1,3,1,3,3,2,2,1,2,2,3,3,2,2,2,2,1,1,1,1,1,2,1,1,1,2,21,2,6,1,,1,,8,3,5,7
1,1,1,1,1,1,1,1,1,1,1,1,1,1,1,1,1,1,1,1,1,1,1,1,1,1,1,,,1,1,1,1,1,2,1,4,1,1,3,3,3,3,2,3,3,2,3,2,3,2,2,3,2,1,,2,,2,2,2,2,2,2,2,2,2,2,2,2,2,2,2,2,2,2,2,2,2,2,2,2,2,2,2,22,2,1,1,,1,,6,3,1,9
1,4,4,4,4,1,4,1,2,3,3,4,4,3,,2,3,2,2,3,2,1,1,2,2,1,4,2,1,1,1,2,1,2,3,3,4,2,4,3,1,1,1,1,1,4,4,4,4,4,1,3,1,3,6,,1,,1,1,4,1,3,4,1,2,1,2,2,3,3,2,2,2,2,3,3,1,1,1,1,1,1,2,3,22,1,6,1,,1,,8,3,5,8
1,4,4,4,4,1,4,1,1,1,1,4,3,3,1,3,3,4,2,2,2,3,1,2,3,2,3,2,2,1,1,3,3,3,3,,4,2,2,3,1,1,1,,1,4,4,4,4,4,1,4,1,4,6,,2,Calculus 4,1,1,4,1,3,4,1,1,1,2,2,2,2,2,2,2,2,2,2,2,2,3,3,2,3,2,3,20,2,6,3,Farsi (Persian),2,Iran,6,2,5,5
1,4,4,4,4,1,3,3,4,4,4,4,1,4,3,2,3,1,2,1,1,1,1,4,4,3,3,4,4,2,2,4,1,2,2,2,2,2,2,2,1,1,1,1,1,4,4,4,4,4,1,3,1,3,6,,1,,1,1,2,1,4,4,1,1,1,2,2,3,3,2,3,3,4,4,4,1,1,3,3,1,1,1,1,20,1,6,1,,1,,8,3,5,6
1,1,2,2,1,3,2,1,4,2,4,3,3,3,3,1,2,1,,1,3,4,1,2,2,2,3,2,3,3,4,1,1,1,3,1,2,2,2,2,1,1,1,2,2,2,2,3,3,3,1,2,1,2,4,,1,203v hybrid,2,3,2,1,2,2,1,1,1,1,1,1,2,1,1,1,1,2,2,3,2,2,4,1,3,3,4,30,2,3,1,,1,,6,2,4,3
1,4,3,4,4,1,3,1,3,1,3,3,3,4,1,1,1,1,3,3,3,4,1,4,3,4,3,4,2,3,3,1,2,1,2,2,2,2,2,2,1,1,1,1,2,3,3,3,3,3,1,3,1,2,4,,1,math 203,2,1,2,2,3,3,1,1,1,1,2,2,2,2,2,2,2,2,2,2,2,2,2,1,1,1,1,19,2,4,1,,1,,6,2,3,5
1,2,1,1,1,3,1,1,2,1,3,4,2,4,1,1,4,1,3,3,3,3,1,2,2,2,4,4,3,3,4,1,2,2,4,4,4,4,4,4,1,1,1,1,1,4,4,4,4,4,1,3,1,2,4,,1,,4,3,2,2,2,3,3,2,1,1,2,3,4,1,2,3,4,3,2,1,1,4,4,1,1,1,2,26,1,4,1,,2,mexico,8,2,4,1
1,1,1,1,2,2,1,2,1,3,3,4,3,4,1,2,3,2,3,3,4,3,1,3,3,3,3,3,4,3,3,3,1,1,2,2,3,2,3,3,1,1,1,3,1,3,3,3,3,3,1,3,1,3,4,,1,Math203,2,3,2,3,2,3,2,2,1,1,2,3,4,2,2,2,2,3,3,3,3,3,3,1,1,1,3,22,1,1,3,Vietamese,1,,7,2,1,9
1,,,,,,,,,,,,,,,,,,,,,,,,,,,,,,,,,,,,,,,,,,,,,,,,,,,,,,,,,,,,,,,,,,,,,,,,,,,,,,,,,,,,,,,,,,,,,,,
1,4,4,4,3,1,1,1,3,3,3,4,2,3,1,3,1,1,3,2,4,3,1,2,3,2,4,3,4,3,2,2,1,2,4,3,4,3,4,4,1,1,1,1,1,4,4,4,4,3,1,4,1,4,3,,1,MATH-1-30834-S17,1,1,3,1,3,4,3,1,1,2,2,2,2,2,2,2,2,2,1,1,3,2,2,3,2,2,1,18,2,1,1,,1,,5,2,5,4
1,3,2,2,2,1,4,1,1,1,2,2,1,3,1,2,1,3,1,1,2,2,1,2,4,2,3,3,1,3,3,2,1,2,3,2,3,3,2,3,1,1,1,3,2,4,4,4,4,4,1,3,1,3,7,Mixed race: Hispanic/Asian,1,MATH 1: Pre-Calculus,1,1,2,2,2,4,2,1,1,1,2,3,3,2,2,2,2,2,2,1,1,1,2,1,2,1,3,18,2,7,1,,1,,6,2,5,6
1,3,3,3,3,1,2,1,2,2,2,2,1,4,1,1,2,1,2,3,3,2,1,4,2,3,3,4,2,3,3,3,3,3,4,4,4,4,4,4,1,1,1,1,1,4,4,4,4,4,1,3,1,3,6,,1,,1,1,2,1,4,2,1,1,1,1,2,2,2,1,2,2,2,3,2,1,1,2,4,1,1,1,2,21,2,6,3,Arabic,1,,7,2,5,1
1,4,4,4,4,1,4,4,1,1,1,1,1,1,1,4,1,1,1,1,1,1,1,1,1,1,1,1,1,1,1,4,4,4,1,1,1,1,1,1,4,4,,,,,,,,,,,,,4,,4,,,,,,,1,1,,,,,,,,,,,,,,,,,,,,,,,,,,,,,,,
1,3,3,3,1,1,1,1,1,4,3,4,1,4,1,2,4,2,2,3,1,4,1,2,4,3,4,4,4,3,3,1,1,3,4,4,4,4,4,4,1,1,1,1,3,4,4,4,4,4,1,4,1,3,3,,1,,1,1,2,2,3,3,1,1,1,1,2,3,3,1,1,1,1,1,1,3,4,4,4,1,1,1,3,27,2,4,1,,2,mexico,6,2,5,1
1,2,2,2,2,1,1,1,3,1,4,4,4,4,1,1,4,1,4,4,3,4,1,4,4,4,4,4,4,3,3,4,2,3,4,4,4,4,4,4,1,1,1,1,1,4,4,4,4,4,1,4,1,4,2,,2,,1,1,4,1,4,4,4,1,1,1,2,3,3,1,1,1,1,4,4,4,4,4,4,1,3,2,4,,2,3,1,,1,,6,2,1,4
1,1,1,1,1,3,2,1,2,2,3,4,4,4,1,1,4,1,4,4,4,4,1,4,4,4,4,4,4,3,4,2,4,4,3,3,3,3,3,3,1,1,1,2,1,4,4,4,4,4,1,2,1,2,4,,1,Math 203,3,4,1,2,1,2,2,4,4,1,2,3,3,2,2,2,2,2,2,2,2,3,3,1,2,1,2,19,2,1,1,,1,,6,2,4,4
1,3,1,1,1,1,3,3,3,3,3,3,3,3,3,3,3,3,3,3,3,3,3,3,3,3,3,3,3,3,3,3,3,3,3,3,3,3,3,4,1,1,1,3,1,4,4,4,4,4,1,4,1,4,4,,2,Math 201,1,1,4,1,4,4,3,3,3,1,1,1,1,1,1,1,1,4,4,4,4,4,4,4,4,4,4,29,2,4,1,,2,Mexico,6,2,2,9
1,2,2,2,2,1,1,2,4,3,4,2,4,4,4,1,1,1,4,4,4,4,1,4,2,4,2,4,4,3,3,2,1,3,1,1,4,3,3,3,1,1,1,1,1,4,4,4,4,4,1,3,1,4,4,,1,Intermediate Algebra ,2,1,3,1,3,3,1,1,1,1,2,3,3,2,2,2,2,4,4,4,4,4,4,1,4,4,4,25,2,3,1,,1,,7,2,1,6
1,2,2,2,2,3,1,1,2,1,2,4,4,2,1,2,4,2,2,2,2,1,1,1,4,1,4,1,1,2,3,1,1,2,1,1,3,1,2,2,4,1,1,4,1,4,4,4,4,4,1,4,1,4,4,,1,math203,2,1,3,2,2,1,1,1,1,1,2,2,3,1,1,1,1,1,1,1,4,2,1,4,4,2,3,23,2,6,1,,1,,6,2,4,9
1,2,2,2,3,2,1,1,2,2,3,3,1,4,1,1,3,2,4,4,2,4,1,3,2,3,4,4,1,3,3,2,2,2,3,3,3,3,3,3,1,1,1,3,1,4,4,,4,4,2,3,2,4,6,,2,Math 565 3703,2,2,2,2,3,4,2,3,2,1,4,3,4,2,2,2,2,3,3,2,2,4,4,1,2,2,2,24,2,4,2,,1,,8,3,4,1
1,2,2,3,3,4,4,1,2,3,4,4,1,3,1,4,4,1,4,4,4,4,1,,3,3,4,3,4,2,2,4,3,3,3,3,3,3,3,3,3,1,1,3,1,4,4,4,4,4,2,3,1,3,7,Russian/Jewish,2,Math 565 F2017,3,3,3,3,2,3,2,2,1,1,1,2,2,1,1,2,2,4,1,2,2,4,3,1,1,1,4,24,2,6,3,Russian ,2,Isreal ,7,,3,5
1,4,4,4,4,2,4,2,2,3,3,4,1,3,1,2,3,3,2,2,2,2,1,2,3,2,3,2,1,2,1,4,2,3,4,4,4,4,4,4,1,1,1,1,1,4,4,4,4,4,2,4,1,3,6,,1,MATH 3000:  History of Mathematics; MATH 3700:  Discrete Mathematics,1,1,3,1,3,4,3,2,1,2,3,3,3,2,2,2,2,2,2,1,1,2,2,2,1,1,3,18,2,4,1,,1,,6,3,5,8
1,2,3,2,2,1,1,2,3,2,2,4,2,4,1,2,4,1,3,3,3,3,1,4,4,3,4,4,2,3,3,1,1,2,2,2,3,3,3,3,1,1,1,3,3,4,4,4,4,4,1,4,1,4,6,,2,Math 565,2,1,2,1,4,4,3,1,1,2,1,2,2,2,2,2,2,3,2,3,1,3,4,1,2,1,3,21,2,1,1,,1,,8,3,5,1
1,4,2,3,1,1,2,1,4,3,4,4,4,4,1,1,2,1,4,4,4,4,1,4,4,4,4,4,4,1,1,3,1,2,1,1,1,1,1,1,1,1,1,1,1,3,4,4,4,4,1,4,1,3,6,,2,"MATH 3320: Intro to Cryptography, MATH 3700: Discrete Mathematics",1,1,4,1,4,4,4,4,1,1,2,3,3,2,2,2,2,4,4,4,4,4,4,1,4,4,1,21,3,1,1,,2,Australia,8,3,5,6
1,4,4,4,4,1,4,2,2,2,2,3,1,3,1,2,3,3,3,2,1,3,1,2,3,1,3,2,3,1,1,4,2,3,3,4,4,4,4,4,1,1,1,1,1,3,4,4,4,4,1,3,1,3,6,,1,Math 3300 Abstract Algebra,1,1,4,1,3,4,4,4,2,1,3,3,3,1,1,2,2,3,2,1,1,3,2,1,1,1,2,20,2,6,1,,1,,7,3,5,6
1,4,4,4,4,1,3,1,2,3,1,4,2,3,1,3,3,3,1,1,2,2,1,3,3,1,4,3,1,2,2,3,1,3,3,3,3,2,3,3,1,1,1,2,1,3,4,4,4,4,1,4,1,4,6,,2,MATH 3000-01 History of Math,1,1,3,2,4,4,2,1,1,1,2,3,3,2,2,2,2,1,1,1,2,2,2,1,1,1,2,21,2,6,1,,1,,8,3,4,6
1,4,4,4,4,1,4,2,1,1,2,3,1,3,1,3,3,4,1,2,1,1,1,2,4,1,4,2,1,2,1,4,2,2,2,3,4,3,3,4,1,1,1,1,1,3,3,4,4,4,3,4,2,2,6,,1,Math 6100: Theory of Functions of a Real Variable,1,1,2,2,3,3,1,1,1,2,3,3,3,2,2,2,2,3,2,1,1,1,2,1,1,1,2,20,1,6,1,,1,,7,3,5,6
1,2,4,3,3,2,4,1,4,4,4,3,4,4,1,1,2,1,4,3,4,4,1,3,3,4,3,4,4,2,2,3,2,3,4,3,4,4,4,4,3,2,1,1,1,2,4,4,3,2,2,2,1,2,6,,1,"Math 3210 (Transformation Geometry), Math 3000 (History of Math),  Math 3800 (Theory of Numbers)",2,1,4,1,3,4,4,4,4,1,2,4,4,1,2,2,2,4,3,4,4,4,4,1,3,2,2,20,2,3,1,,1,,7,3,5,9
1,2,4,2,1,1,3,2,3,1,3,4,3,3,1,1,4,1,2,3,4,2,1,3,3,3,4,3,1,1,2,3,2,3,3,3,3,3,4,4,1,1,1,2,1,3,4,4,4,4,1,4,1,4,1,,1,,2,2,3,1,3,4,4,4,1,2,2,3,3,2,2,2,2,2,2,2,3,2,2,1,2,3,1,21,2,6,1,,2,Ukraine,8,3,5,8
1,3,4,4,4,2,4,1,2,3,3,2,2,3,1,2,4,3,3,2,4,3,2,2,3,3,2,2,4,2,2,3,2,1,2,3,4,2,2,2,1,1,1,1,1,3,4,4,4,,1,1,1,1,1,,2,,2,1,2,2,4,3,1,1,1,1,2,3,3,1,1,1,1,3,3,3,2,3,3,1,2,2,3,20,1,1,1,,2,China,7,3,4,6
1,4,4,4,4,1,3,2,3,3,1,3,2,4,2,3,3,2,2,,1,2,1,2,2,2,2,3,4,1,1,3,3,3,3,3,3,3,3,3,1,1,1,1,1,4,4,4,4,4,1,4,1,4,6,,2,MATH 2820,1,1,4,1,4,4,1,1,1,1,2,3,3,1,3,3,3,4,4,4,4,4,4,1,3,3,2,20,1,6,1,,1,,7,3,5,8
1,3,4,2,4,3,3,1,2,1,4,4,1,4,1,3,3,4,3,2,3,1,1,1,3,3,3,1,3,3,2,2,2,2,1,1,1,1,1,1,2,1,1,3,1,3,4,4,2,2,1,1,1,1,6,,1,Modern Algebra MATH 4300,3,1,3,2,2,4,1,3,1,2,2,3,3,2,2,2,2,2,3,1,1,1,1,4,2,2,3,21,1,1,1,,1,,8,3,4,6
1,3,4,4,4,3,1,1,3,4,3,3,2,1,1,2,3,1,3,3,3,2,1,4,3,2,3,2,4,1,1,4,4,4,3,4,4,4,3,4,1,1,1,1,2,3,3,4,3,2,1,2,1,2,6,,2,MATH 2420: Methods of Differential Equations,2,1,3,2,3,4,1,1,1,1,2,3,3,1,2,2,2,2,3,2,3,2,2,3,4,2,3,19,1,1,1,,2,India,7,3,5,9
1,4,4,3,3,1,3,1,3,3,3,3,3,3,1,2,3,1,3,3,2,3,1,3,3,3,3,3,2,1,1,3,3,3,3,3,2,2,2,3,1,1,1,1,1,3,3,4,2,3,2,3,2,2,6,,1,MATH 4200 Topology I,1,1,3,1,4,4,3,2,1,2,2,4,4,2,3,3,3,2,2,3,3,3,3,2,3,3,3,21,2,1,1,,1,,8,3,5,8
1,3,3,3,3,1,4,2,2,1,3,3,2,4,1,1,3,2,2,3,3,3,1,2,4,2,4,3,2,2,2,2,1,1,1,1,1,2,1,1,1,1,1,1,1,4,4,4,4,4,2,2,1,2,6,,2,Math 3320 (Error Correcting Codes & Cryptography); Math 3800 (Theory of Numbers),1,1,2,2,3,4,4,2,1,1,2,3,3,2,2,2,2,2,2,2,1,2,2,1,1,1,2,20,2,7,1,,1,,7,3,5,8
1,4,4,4,4,1,4,2,2,1,3,3,1,4,1,2,3,2,2,3,1,3,1,3,3,2,4,3,1,2,1,3,3,4,4,3,4,3,4,4,1,1,2,3,1,3,4,4,4,3,2,4,1,3,6,,1,,1,1,4,1,4,4,2,1,1,1,2,3,3,2,2,2,2,1,2,2,1,3,4,1,2,2,3,20,1,6,1,,1,,8,3,5,8
1,4,4,3,3,1,4,1,2,1,1,4,1,3,1,2,3,2,1,1,1,2,1,1,3,1,3,2,1,2,2,3,1,2,4,4,4,4,4,4,1,1,1,2,1,4,4,4,4,4,1,4,1,4,6,,2,Math 565 Concepts of Geometry,1,1,3,1,4,4,4,4,1,2,2,3,3,2,2,2,2,1,1,1,1,1,2,1,1,1,3,22,2,7,1,,1,,8,3,5,6
1,4,4,4,4,1,4,1,3,1,3,4,1,4,1,3,4,1,3,3,3,3,1,4,4,2,4,3,2,3,3,1,1,2,4,4,4,4,4,4,1,1,1,1,1,4,4,4,4,4,1,4,1,3,5,,1,Math 407 Synthesis of Mathematical Concepts,1,1,4,1,3,4,1,1,1,1,2,3,3,2,2,2,2,1,1,1,2,2,2,1,1,1,1,24,2,6,1,,2,Germany,8,3,5,4
1,4,4,4,4,1,4,1,1,3,2,4,2,4,1,3,2,4,3,3,1,2,1,1,4,1,4,2,1,1,1,4,1,2,4,4,4,4,4,4,1,1,1,4,1,4,4,4,4,4,1,4,1,4,1,,1,Math 407,1,1,4,1,4,4,1,1,1,1,2,3,4,2,2,2,2,1,1,2,2,1,3,2,2,1,4,21,2,6,1,,1,,8,3,5,8
1,4,4,3,4,2,3,2,3,3,2,4,4,3,1,3,4,2,3,3,2,2,1,2,4,2,4,2,1,1,2,4,2,3,4,3,4,4,4,4,4,1,1,1,3,2,2,2,2,1,4,2,2,1,6,,1,Calculus 1301,2,1,4,2,4,4,4,4,1,1,2,3,4,2,2,2,2,3,2,2,4,2,3,2,2,1,2,17,2,6,1,,1,,5,3,4,9
1,4,4,4,4,1,2,1,2,3,3,4,1,3,1,1,3,2,1,2,1,3,1,2,2,3,3,4,2,1,2,4,2,3,4,4,4,4,4,4,1,1,1,1,1,4,4,4,4,4,1,2,1,2,6,,1,,1,1,4,1,4,4,2,1,1,1,2,3,3,1,1,1,1,1,2,1,1,3,3,1,1,1,2,20,2,6,1,,1,,7,3,5,6
1,4,4,4,4,1,4,1,2,4,2,4,4,4,1,3,2,3,2,2,3,4,1,2,4,3,4,3,4,1,1,4,1,3,4,4,4,3,4,4,1,1,2,1,1,4,4,4,4,4,1,4,1,3,6,,1,MATH 3300 Abstract Algebra,1,1,4,1,3,4,2,1,1,1,3,4,3,2,2,2,2,3,2,2,4,3,4,1,2,3,2,20,2,1,1,,2,China,7,3,5,7
1,4,3,2,1,1,4,1,2,1,1,3,1,4,1,2,3,3,2,3,1,2,1,1,1,2,4,4,2,1,2,1,2,2,1,1,2,2,3,2,1,1,1,2,1,4,4,4,4,3,1,2,1,2,6,,1,"Math-414: Curriculum & Instruction, Math-302: Transition to Higher Math, Math-524: Linear Algebra",2,1,2,2,4,3,3,1,1,1,2,2,3,2,2,2,2,4,4,1,1,2,4,1,1,2,3,22,1,5,1,,1,,8,3,5,6
1,4,4,4,4,1,4,3,1,4,1,4,1,3,1,1,3,4,2,2,1,1,1,1,3,1,3,2,3,1,1,4,2,2,2,2,4,4,4,4,1,1,1,1,1,4,4,4,4,4,1,3,1,3,6,,1,,1,1,4,1,4,4,1,2,1,1,2,3,3,2,2,2,2,2,2,1,1,1,3,1,1,1,2,20,1,6,1,,1,,8,3,4,6
1,4,4,4,4,1,4,2,2,2,2,3,2,2,1,2,3,3,2,2,2,2,1,3,2,2,4,2,1,1,2,3,1,3,4,4,4,4,4,4,1,1,1,1,1,4,4,4,4,4,1,4,1,3,6,,1,"Probability (MATH 3640), Linear Optimization (MATH 4620), Intro to Topology (MATH 3200)",1,1,2,1,4,4,2,2,1,1,3,4,4,2,3,3,3,3,4,2,2,2,2,1,4,2,2,19,1,1,1,,1,,7,3,5,8
1,4,4,3,3,1,4,3,1,3,1,4,4,2,1,3,4,4,1,1,1,1,1,2,4,1,4,1,2,2,2,2,2,2,1,1,1,1,1,1,1,1,1,1,1,3,3,3,3,3,2,2,2,2,6,,1,,2,2,3,1,3,4,4,4,4,1,3,2,4,2,3,2,2,1,1,1,3,1,1,2,3,2,1,47,2,6,1,,1,,8,3,5,5
1,4,3,2,3,1,2,1,1,1,3,4,2,2,1,2,3,3,2,2,1,1,4,1,3,1,4,2,1,3,2,4,2,3,4,4,3,3,4,4,1,1,1,1,3,3,3,3,3,3,2,3,1,2,6,,1,,2,1,4,1,3,4,1,2,1,1,2,3,2,2,2,2,2,2,1,1,2,1,2,1,3,1,1,20,2,6,1,,1,,8,3,5,7
1,4,4,4,4,1,4,1,3,3,3,4,3,2,1,1,4,3,3,3,2,2,1,4,4,2,4,3,2,1,1,4,4,4,4,4,4,4,4,4,4,1,1,1,1,1,2,1,1,1,2,1,1,1,6,,1,n/a,1,1,4,1,4,4,3,3,1,1,2,3,4,2,2,2,2,4,2,1,2,2,2,1,3,1,1,21,2,6,1,,1,,8,3,5,6
1,3,3,3,3,1,4,1,2,1,3,4,1,3,1,1,3,1,2,3,1,2,1,2,4,2,4,3,1,2,2,3,1,3,2,2,2,2,2,2,2,1,2,1,1,1,1,1,1,2,3,1,1,1,6,,2,MATH 4000 Abstract Algebra,1,1,3,1,4,4,1,3,1,2,2,2,2,2,2,2,2,2,3,2,2,2,2,1,2,2,3,24,2,6,1,,1,,8,3,4,4
1,2,2,3,2,2,3,1,3,3,4,4,3,4,1,2,2,2,2,2,3,3,1,2,1,2,3,2,4,3,3,1,2,3,2,1,3,3,2,2,1,1,1,2,1,4,4,4,4,4,1,4,1,4,4,,1,,1,1,1,2,4,3,3,4,1,1,1,3,4,1,1,2,2,3,3,3,3,3,3,2,3,1,3,,1,3,1,,1,,5,3,4,5
1,4,4,2,3,1,4,1,1,3,3,3,1,3,1,2,2,3,2,2,1,2,1,1,3,3,4,3,2,3,3,3,1,2,2,2,4,3,4,2,1,1,1,1,1,4,4,4,2,3,2,3,2,3,6,,1,"Math 3000 linear algebra, math 4000 probability",1,1,3,1,4,4,3,4,1,1,2,3,3,1,1,3,1,4,3,2,1,2,4,1,1,1,2,21,2,6,1,,1,,8,3,5,1
1,4,3,3,3,1,4,2,1,2,2,4,3,2,1,3,2,2,2,2,1,1,1,2,4,1,4,2,2,1,1,3,2,2,2,2,1,2,2,2,1,1,1,3,1,4,3,4,4,4,3,4,2,4,7,White / Jewish,1,MATH295,1,1,4,1,4,4,1,3,1,2,2,4,4,2,2,2,2,3,1,1,1,2,2,1,1,1,3,21,1,6,1,,1,,8,3,5,6
1,4,4,4,4,2,4,1,2,1,2,3,1,2,1,3,4,3,2,2,1,2,1,2,4,1,3,2,3,1,1,4,3,3,4,4,4,3,4,4,1,1,1,3,1,4,4,4,4,4,1,4,1,3,6,,1,"Honors Math I, MATH 295",1,1,3,1,4,4,1,1,1,1,2,3,4,3,3,3,3,2,1,3,2,2,3,2,1,1,2,18,1,1,1,,1,,5,3,5,8
1,4,4,3,4,1,4,2,4,4,4,4,4,4,1,2,4,1,3,3,4,1,1,3,3,3,4,4,4,2,1,3,2,2,2,2,2,2,2,3,1,1,1,2,2,4,4,4,4,4,1,4,1,3,6,,1,Math295,1,1,4,1,4,4,4,4,4,1,2,3,3,2,2,2,2,2,3,4,4,2,2,3,3,1,2,18,2,1,3,Malay,2,Malaysia,5,3,5,6
1,3,3,3,3,1,3,1,3,3,3,4,3,3,1,1,3,2,3,2,3,3,1,3,3,3,3,3,3,3,2,3,2,2,3,2,3,2,3,3,1,1,1,3,1,4,4,4,4,4,2,3,1,3,6,,1,MATH 295: Honors Mathematics 1,1,1,3,1,3,4,2,2,1,1,2,3,3,2,2,2,2,3,3,3,4,3,2,2,4,2,3,18,1,1,1,,2,South Africa,5,3,5,6
1,3,3,3,2,1,3,1,4,1,4,4,1,4,1,1,4,1,4,4,4,4,1,1,4,4,4,4,1,3,3,1,1,1,4,4,4,4,4,4,1,1,1,1,1,4,4,4,4,4,1,4,1,4,6,,2,MAT 56,2,1,1,1,4,4,1,1,1,1,2,2,3,1,1,1,1,4,4,4,4,4,4,1,4,4,4,20,1,4,1,,1,,7,2,4,3
1,3,2,2,3,1,3,1,3,1,2,3,2,3,1,1,3,1,2,3,3,4,1,4,3,3,3,3,1,3,3,1,1,1,2,2,2,3,3,3,1,1,1,1,1,3,3,3,3,3,3,2,1,2,6,,2,math 56,1,1,2,2,3,3,1,1,1,1,2,2,2,1,1,1,1,3,2,3,3,3,3,2,,3,3,19,2,4,1,,1,,6,2,5,3
1,1,2,2,2,1,4,1,2,1,4,4,3,2,1,1,3,1,3,4,2,4,1,4,3,3,3,4,2,2,3,1,1,2,2,3,3,4,3,4,1,1,1,3,1,4,4,4,4,4,1,3,1,2,6,,2,,4,2,2,2,3,4,1,1,1,,,,,,,,,,,,,,,,,,,,2,3,1,,1,,6,2,4,5
1,2,2,2,2,3,1,1,1,1,1,3,2,3,2,1,3,3,3,3,3,3,1,3,3,3,3,3,2,2,3,2,1,2,2,2,3,2,2,2,1,1,1,1,1,3,3,3,3,3,1,2,1,2,6,,2,,1,2,1,3,3,2,1,1,1,1,2,2,2,2,2,2,2,3,3,2,1,3,3,1,1,1,3,19,1,4,1,,1,,4,2,4,5
1,2,1,1,1,2,2,1,1,1,4,4,3,4,1,2,1,2,2,2,1,1,1,2,2,2,2,3,2,3,2,1,2,1,1,1,1,2,1,1,1,1,1,2,1,3,3,3,3,3,1,2,1,2,2,,2,MAT56-26699,2,1,3,2,3,4,2,1,1,1,3,2,2,1,2,2,2,3,2,2,1,4,3,1,1,2,1,21,2,1,3,nepali,2,nepal,5,2,5,1
1,1,2,2,3,3,1,1,2,2,3,3,3,3,1,1,2,2,3,3,3,3,1,3,3,3,3,3,1,3,3,2,1,2,3,3,3,3,3,3,1,1,1,1,1,3,3,3,3,3,1,3,1,3,6,,2,Math 56,1,2,1,2,2,2,1,1,1,2,2,2,2,1,1,2,2,3,3,3,3,3,3,1,2,2,2,18,2,4,1,,1,,5,2,4,3
1,1,1,1,1,2,1,1,2,2,3,2,3,4,1,1,3,3,4,3,4,4,1,3,3,3,4,4,4,3,4,4,2,2,4,4,4,4,4,4,1,1,1,4,4,3,3,3,3,4,2,3,1,2,6,,1,,1,2,1,1,2,3,2,2,2,1,2,2,2,2,2,2,2,2,3,2,4,3,4,1,2,1,2,18,2,1,1,,1,,5,2,1,1
1,3,2,2,2,1,2,1,1,1,4,2,1,4,1,1,3,2,3,3,1,4,1,4,4,2,3,4,2,2,2,1,1,1,1,1,3,3,4,3,1,1,1,2,1,3,4,4,4,4,1,4,1,4,6,,2,,1,1,3,2,4,3,1,1,1,1,3,3,3,1,1,1,1,2,2,2,2,4,4,1,4,1,3,,2,6,1,,2,Italy,5,2,5,8
1,2,2,2,2,4,1,1,1,1,2,2,1,2,1,2,3,3,2,2,2,2,1,2,3,2,4,4,2,1,3,2,2,2,3,4,3,3,4,4,1,1,1,2,1,3,4,4,4,3,1,4,1,3,6,,2,MAT 56,1,2,2,3,3,3,2,1,1,1,2,2,3,2,2,2,2,2,2,2,1,2,2,1,1,2,3,26,2,6,1,,1,,5,2,5,4
1,3,2,2,2,1,2,2,4,1,4,4,4,4,1,1,1,1,4,4,4,4,1,4,4,4,4,4,4,2,2,1,2,2,2,2,3,4,4,2,4,3,1,4,1,1,2,1,1,4,4,1,4,4,3,,2,mat 56-1202,2,1,4,1,4,4,1,4,4,1,2,3,3,2,2,2,2,4,4,4,4,4,4,1,4,1,3,20,2,3,1,,1,,6,2,4,9
1,2,2,3,1,2,1,1,2,1,3,4,2,4,1,1,3,1,4,4,2,4,1,1,4,4,3,4,2,2,3,2,3,2,2,1,3,2,3,3,1,1,1,2,2,3,4,3,4,4,2,3,1,2,4,,2,,2,3,1,2,1,3,1,2,1,1,2,3,3,1,2,3,2,2,3,3,3,4,4,1,4,2,2,23,1,4,1,,1,,8,2,4,4
1,2,2,3,2,1,2,1,2,1,2,3,2,3,1,2,2,1,3,2,1,4,1,3,1,3,4,4,1,3,3,2,1,1,4,4,4,4,4,4,1,1,1,1,1,4,4,4,4,4,1,2,,3,6,,2,,1,1,1,1,4,3,1,1,1,2,2,2,2,2,2,2,2,1,1,1,1,4,4,1,1,1,1,,2,4,3,both,1,,6,2,5,4
1,4,4,4,4,1,2,1,2,1,3,3,1,3,1,1,2,1,4,4,3,4,1,2,1,3,4,4,1,3,1,2,2,2,3,3,3,3,3,3,1,1,1,3,1,4,4,4,4,4,1,4,1,4,4,,2,,1,1,1,1,4,3,1,1,1,1,1,2,1,1,1,1,1,3,3,3,1,4,4,1,1,2,2,19,2,4,2,,2,peru,6,2,5,4
1,3,4,3,2,2,1,1,3,1,4,4,4,4,4,3,4,1,3,2,3,4,3,3,3,4,3,4,4,2,2,1,1,1,1,1,1,1,1,1,1,1,1,1,1,2,2,1,2,3,3,2,1,3,6,,2,Math56,1,1,3,1,4,4,1,4,4,1,4,1,1,1,4,1,1,2,3,4,4,4,4,1,4,1,3,20,2,4,1,,1,,6,2,1,5
1,3,3,3,1,1,3,4,2,2,1,1,2,2,1,2,2,2,2,2,1,1,1,2,2,2,4,2,1,3,2,2,2,2,3,2,4,4,4,3,4,1,1,2,1,4,4,4,3,4,1,4,1,4,6,,2,MAT 56-1202,1,1,1,1,3,3,2,1,1,1,2,1,3,1,2,1,3,4,3,3,2,2,4,1,1,4,3,19,2,1,3,Burmese,2,Myanmar,8,2,5,3
1,2,4,2,2,1,2,1,4,1,2,4,1,2,1,2,4,4,2,2,1,4,1,4,4,4,4,4,2,3,2,4,4,4,1,2,2,1,2,1,2,1,1,1,1,2,2,4,2,2,1,2,1,4,7,Native Cental America ,1,MATH 56,1,2,1,1,2,4,2,1,1,2,3,3,3,1,3,2,3,1,3,4,1,1,1,1,1,4,1,,1,7,2,,2,,5,2,4,1
1,3,2,2,2,1,1,1,3,2,3,4,2,4,1,2,3,1,3,3,2,4,1,2,3,3,3,3,3,2,2,1,1,1,1,1,1,2,2,2,1,1,1,1,1,3,3,3,3,3,1,2,1,3,6,,2,,2,2,3,2,3,2,1,1,1,1,3,4,4,2,2,2,2,3,2,1,1,1,2,1,1,1,1,,1,4,1,,1,,6,2,4,4
1,2,2,2,2,2,1,1,1,2,3,4,2,3,1,1,4,3,2,3,2,3,1,3,3,3,4,4,1,2,3,4,2,3,4,4,4,4,4,4,1,1,1,1,3,4,4,4,4,4,1,4,1,4,6,,2,math056,2,2,2,2,3,4,1,1,1,1,2,2,3,1,1,1,1,1,1,1,1,2,2,1,1,1,2,,2,6,1,,2,montenegro,8,2,4,5
1,3,2,3,3,1,1,1,2,2,3,3,1,3,1,1,2,2,3,3,4,4,1,2,2,4,3,4,1,3,3,3,4,4,2,2,3,3,3,4,1,1,1,1,4,4,4,4,4,4,1,4,1,4,3,,1,Math 12,1,1,2,1,3,3,2,1,1,2,3,2,2,2,3,2,1,3,3,2,1,2,3,1,1,2,3,,2,6,3,"Arabic, Moroccan ",2,Morocco,,2,,1
1,4,2,2,3,1,1,1,1,1,2,4,2,4,1,1,3,4,3,2,1,3,1,3,2,3,4,4,2,2,2,1,1,1,1,1,3,4,,2,2,1,1,4,1,3,4,4,4,4,,,,,6,,2,math 56,1,1,2,1,1,2,2,1,1,2,2,2,2,2,2,2,2,2,1,1,1,1,3,1,1,1,2,,1,4,1,,1,,6,2,4,1
1,2,1,1,1,2,2,1,3,2,2,4,3,2,1,1,4,2,2,3,2,1,4,2,4,2,4,2,1,2,3,4,2,4,3,2,4,4,4,4,1,1,1,4,1,4,4,4,4,4,1,4,1,4,6,,2,,2,1,2,2,3,3,4,4,1,1,3,3,3,2,2,2,2,2,2,,3,2,2,2,1,1,2,,2,6,1,,1,,8,3,4,4
1,4,4,4,4,1,4,1,2,1,2,4,1,3,1,3,4,4,2,2,1,1,1,3,4,1,4,4,1,3,2,3,2,2,4,4,4,4,4,4,1,1,1,1,1,3,4,4,4,4,1,4,1,2,6,,1,Math 295 : Honors Mathematics 1,1,1,3,1,4,4,2,1,1,1,3,3,3,2,2,2,4,2,2,1,1,2,3,1,1,1,1,18,1,6,1,,1,,5,3,5,4
1,3,3,4,4,2,4,1,1,2,1,2,1,3,2,3,2,4,3,2,1,1,2,1,2,1,2,1,1,3,3,3,1,1,2,1,4,4,4,4,1,1,1,,,4,4,4,4,4,1,3,1,2,6,,1,MATH 295: Honor's Mathematics 1,1,1,3,1,3,4,1,1,1,1,3,2,4,2,2,2,2,1,2,1,1,1,2,1,1,2,1,18,1,6,1,,1,,5,3,4,8
1,1,1,1,1,3,3,1,3,2,3,3,3,3,1,1,3,1,3,3,3,3,1,3,3,3,3,3,2,3,4,2,2,2,3,3,3,3,3,3,1,1,1,2,1,3,3,3,3,3,1,3,1,3,6,,2,MATH565,2,3,3,2,2,3,4,3,1,1,2,3,3,2,2,2,2,3,3,3,3,3,3,1,3,2,3,21,2,1,1,,1,,7,3,4,6
1,4,4,4,4,1,4,1,1,1,2,4,3,3,1,2,3,4,2,3,1,3,1,2,3,2,3,1,2,2,2,3,1,2,2,1,3,3,3,3,1,1,1,1,1,4,4,4,4,4,2,3,1,4,6,,2,Math 295 Honors Mathematics 1,1,1,3,2,4,4,1,1,1,2,2,4,3,2,2,2,2,2,1,1,2,2,3,1,1,1,3,17,1,6,1,,1,,5,3,5,8
1,3,3,3,3,3,4,1,1,2,3,3,3,4,1,3,2,3,3,3,2,3,1,2,2,3,3,3,2,2,3,2,2,2,4,3,3,4,4,4,1,2,3,4,1,3,4,2,3,4,3,3,1,3,4,,1,College Algebra,1,1,2,2,4,4,2,2,1,1,2,4,3,2,2,2,2,2,3,3,3,4,4,1,2,1,3,18,1,3,1,,1,,5,3,5,9
1,3,4,2,3,1,2,1,2,2,4,3,1,4,1,1,2,2,2,2,1,4,1,1,4,2,2,4,1,2,2,4,4,4,4,4,4,4,4,4,4,1,1,1,1,1,1,1,1,1,3,1,1,1,6,,1,,1,1,3,1,4,4,4,4,1,1,2,4,4,2,2,2,2,3,3,2,1,3,4,1,1,1,3,21,2,6,1,,1,,7,3,5,6
1,4,3,4,3,1,3,1,3,1,2,3,1,4,1,4,3,2,2,3,3,4,1,3,4,2,4,4,3,2,1,3,1,2,3,2,3,3,2,2,1,1,1,4,4,4,4,4,4,4,1,4,1,4,6,,1,Math 295 honors math 1,1,1,3,1,3,4,1,2,1,4,4,1,1,4,4,1,1,2,2,2,2,2,2,1,2,2,2,18,1,7,1,,1,,5,3,5,8
1,,,,,,,,,,,,,,,,,,,,,,,,,,,,,,,,,,,,,,,,,,,,,,,,,,,,,,,,,,,,,,,,,,,,,,,,,,,,,,,,,,,,,,,,,,,,,,,
1,3,2,3,2,2,3,1,2,1,2,4,3,4,1,3,3,2,4,2,3,4,1,2,1,4,4,4,1,,,,,,,,,,,,1,1,1,1,1,4,4,4,4,4,1,2,1,2,6,,2,College Algebra,2,1,2,2,4,3,1,1,1,1,1,2,3,1,2,2,3,2,2,4,3,4,4,1,2,1,2,18,1,3,1,,1,,5,3,4,7
1,4,3,3,3,1,4,1,3,2,3,3,3,4,1,2,1,2,2,2,3,4,1,2,2,2,4,4,4,2,2,3,2,3,2,2,2,2,2,2,1,1,2,3,1,4,4,4,4,4,1,1,1,2,1,,1,math 70 4953,2,1,3,3,4,4,2,2,1,1,2,3,3,2,2,2,2,2,3,3,3,4,4,2,2,1,2,18,2,4,1,,1,,5,3,5,9
1,1,1,2,1,4,1,1,2,1,4,4,4,4,1,1,4,1,4,4,3,4,1,3,2,3,4,4,1,2,5,2,1,1,3,2,4,1,3,3,1,1,1,2,1,4,4,4,4,4,1,2,1,3,4,,1,Math 70,2,3,1,4,3,2,4,1,1,1,1,2,3,2,2,2,2,3,3,3,4,4,4,1,2,1,3,,2,4,1,,1,,5,3,5,3
1,2,3,2,2,2,1,1,2,1,3,4,2,4,1,2,2,2,2,2,2,2,1,1,1,3,4,3,3,3,3,2,1,1,2,1,3,3,2,2,1,1,1,1,1,3,3,2,3,3,2,2,1,3,4,,1,Math 60,2,2,2,2,2,2,2,1,1,1,2,2,3,2,2,2,2,2,2,1,2,2,2,1,1,1,1,17,2,4,1,,1,,5,3,4,3
1,4,3,3,3,1,1,2,4,4,3,4,4,4,1,1,4,1,4,4,4,4,1,4,4,4,4,4,4,2,3,4,4,3,4,4,4,4,4,4,1,1,1,1,1,3,4,4,4,4,1,1,1,1,4,,1,MATH 70,1,1,4,2,4,3,4,4,1,2,3,2,2,2,2,2,2,3,3,3,3,4,4,1,3,1,4,18,2,4,1,,2,M‚Äô¬©xico ,5,3,5,5
1,4,3,3,3,2,3,1,3,2,4,4,3,3,1,3,3,2,2,3,2,4,1,3,2,3,2,4,1,3,2,2,2,2,2,1,3,3,3,3,1,1,1,1,2,4,4,4,4,4,1,3,1,2,6,,2,Math 60,1,1,1,3,4,3,1,1,1,1,2,3,3,1,1,1,1,3,3,4,2,4,4,1,2,2,3,18,1,4,1,,1,,5,3,4,5
1,,,,,,,,,,,,,,,,,,,,,,,,,,,,,,,,,,,,,,,,,,,,,,,,,,,,,,,,,,,,,,,,,,,,,,,,,,,,,,,,,,,,,,,,,,,,,,,
1,1,1,1,1,4,1,2,1,1,4,4,1,3,1,1,4,1,1,2,1,1,1,1,4,4,4,2,2,3,5,2,1,3,2,2,2,2,2,2,3,1,1,4,1,2,2,1,1,2,4,1,4,1,6,,2,Math 60 or 70,2,4,1,3,1,2,4,4,1,1,1,2,3,2,1,2,2,1,2,1,4,1,2,2,2,1,2,18,1,4,1,,1,,5,3,4,4
1,1,2,2,2,1,1,3,4,4,4,4,4,4,1,1,4,1,4,4,3,4,1,4,4,4,4,4,4,3,5,1,1,1,4,3,4,4,4,4,4,1,1,4,1,4,4,3,4,4,1,3,1,3,4,,1,Math 60,3,2,1,1,3,3,3,4,4,1,2,2,4,1,2,1,2,3,3,4,4,4,4,1,3,3,2,18,2,5,1,,1,,5,3,4,3
1,2,2,2,2,2,2,1,2,2,2,2,2,2,2,2,2,2,2,2,2,2,1,2,2,2,2,2,2,2,2,2,2,2,2,2,2,2,2,2,2,2,2,2,2,2,2,2,2,2,2,2,2,2,4,,1,math 70,1,1,2,2,2,3,2,1,1,1,2,3,3,1,2,2,2,2,2,2,2,2,2,2,2,2,2,,2,4,2,,2,,5,3,4,4
1,3,4,3,4,1,2,3,3,2,4,3,3,4,1,1,4,1,4,4,4,4,1,4,4,3,3,4,4,1,2,4,4,4,4,4,4,4,4,4,1,1,1,1,1,4,4,4,4,4,1,3,1,3,3,,1,Mat 150,2,2,2,2,4,4,3,4,3,1,2,3,2,2,2,2,2,2,3,4,4,4,4,1,2,1,2,18,2,3,3,African local dialets ,2,Togo,5,2,5,7
1,1,4,3,2,2,2,3,3,2,3,1,2,2,2,1,2,2,4,4,4,,1,1,1,1,1,3,4,2,2,3,2,3,4,4,1,3,3,1,1,2,2,1,1,2,2,1,3,2,1,2,2,2,3,,1,It's lit ,1,3,4,3,2,4,4,4,4,1,2,3,1,2,2,1,2,1,1,2,3,3,2,2,2,1,1,19,1,4,1,,1,,5,2,4,4
1,2,2,2,2,1,3,1,2,3,2,4,2,4,2,3,3,1,4,4,4,4,1,3,4,4,4,4,4,3,3,3,1,4,2,1,2,3,4,4,1,1,1,1,1,4,4,4,4,4,1,4,4,3,4,,1,Math 70,1,1,2,2,3,3,3,1,1,1,2,3,4,1,2,2,2,4,4,4,2,4,4,2,3,3,3,18,2,1,1,,2,Philippines,5,3,5,1
1,2,3,3,2,4,2,1,4,2,2,3,4,4,1,1,2,1,3,3,3,3,1,4,4,4,4,4,4,2,3,3,2,2,2,2,2,2,2,3,1,1,1,1,1,4,4,4,4,4,2,2,1,2,7,Middle eastern ,1,Math 150-1205,2,3,2,3,3,2,1,1,1,1,3,3,3,2,2,2,2,2,2,3,3,3,3,2,3,3,2,20,2,1,1,,2,Pakistan ,5,2,5,3
1,,,,,,,,,,,,,,,,,,,,,,,,,,,,,,,,,,,,,,,,,,,,,,,,,,,,,,,,,,,,,,,,,,,,,,,,,,,,,,,,,,,,,,,,,,,,,,,
1,1,1,1,1,3,4,1,3,2,4,4,4,4,1,1,2,1,4,4,3,4,1,4,4,4,1,4,4,2,4,3,3,3,4,4,4,4,4,4,1,1,1,1,1,4,4,4,4,4,1,3,1,4,3,,1,Math 150-1205,4,4,1,3,2,3,4,1,1,1,2,3,3,1,2,2,2,3,2,4,4,4,4,1,4,1,3,27,2,3,1,,1,,6,2,1,4
1,2,2,2,3,3,3,1,2,3,2,3,3,2,2,2,3,3,3,2,2,3,2,4,4,3,3,2,3,3,3,3,3,3,3,3,3,3,2,3,3,2,2,2,1,2,3,2,2,2,3,3,2,3,4,,2,,3,3,3,1,3,2,3,2,3,2,3,3,2,3,3,1,3,3,2,2,2,3,3,3,3,3,3,,1,4,2,,2,Dominican republic,7,2,4,5
1,4,4,3,4,2,4,1,2,3,4,4,2,4,1,2,3,2,3,4,3,3,1,3,4,3,4,3,2,2,1,3,2,4,3,4,4,4,4,4,1,1,1,1,1,3,3,4,4,3,1,3,1,3,6,,2,Math 3100: History of Math,1,1,4,1,3,4,3,1,1,1,2,3,3,1,1,2,2,3,4,3,4,3,3,2,2,1,3,19,2,6,1,,1,,6,3,4,6
1,1,1,1,1,3,2,1,2,1,2,3,2,3,1,2,2,2,1,2,1,1,1,3,3,2,3,3,3,3,5,3,2,2,1,1,3,3,3,2,1,1,1,1,1,3,4,4,4,4,1,2,1,2,3,,1,,3,4,2,2,2,3,4,1,1,1,2,3,3,2,2,2,2,2,2,1,2,2,2,1,2,1,3,31,2,4,1,,1,,6,2,5,4
1,,,,,,,,,,,,,,,,,,,,,,,,,,,,,,,,,,,,,,,,,,,,,,,,,,,,,,,,,,,,,,,,,,,,,,,,,,,,,,,,,,,,,,,,,,,,,,,
1,4,4,4,4,2,1,1,3,2,3,4,1,3,1,3,2,2,3,3,1,3,1,4,4,3,3,3,1,3,2,4,3,3,4,4,4,4,4,4,2,1,1,2,,2,3,4,4,4,1,2,1,2,7,Half White Half Hispanic,2,Ralph McKenzie Math 3800,2,1,3,2,3,4,3,1,1,1,2,3,2,1,2,2,2,3,3,3,2,2,4,1,3,3,2,20,1,4,1,,1,,7,3,4,6
0,1,1,1,1,1,1,1,1,1,1,1,1,1,1,1,1,1,1,1,1,1,1,1,1,1,1,1,1,5,5,1,1,1,1,1,1,1,1,1,1,1,1,1,1,1,1,1,1,1,1,1,1,1,3,,4,i wanna die,1,1,1,1,1,1,1,1,1,4,4,4,4,4,4,4,4,1,1,1,1,1,1,1,1,1,1,,1,1,3,,2,,4,,5,5
0,1,1,1,1,1,1,1,1,1,1,1,1,1,1,1,1,1,1,1,1,1,1,1,1,1,1,1,1,5,5,1,1,1,1,1,1,1,1,1,1,1,1,1,1,1,1,1,1,1,1,1,1,1,7,,3,high school algebra ,1,1,1,1,1,1,1,1,1,1,1,1,1,1,1,1,1,1,1,1,1,1,1,1,1,1,1,16,2,4,3,,2,,2,,5,3
0,1,1,1,1,4,3,1,3,1,4,4,3,4,1,2,4,1,3,1,3,4,1,4,4,3,4,4,4,2,1,1,1,1,4,3,3,3,4,2,1,1,2,1,1,3,4,3,3,3,1,3,1,2,4,,1,,3,3,1,4,2,2,3,4,3,2,2,4,3,3,4,3,3,3,3,4,3,3,3,1,2,1,1,15,1,4,1,,1,,2,,1,3
0,1,1,1,1,4,3,1,3,1,3,2,1,3,1,1,1,1,4,4,3,4,4,3,1,3,1,3,1,4,4,2,1,1,4,2,3,3,4,4,1,1,1,3,1,4,4,4,4,4,1,4,1,3,6,,1,High school algebra,3,3,1,4,2,4,1,1,1,,,,,,,,,,,,,,,,,,,,,,,,,,,,,
0,4,4,4,4,4,4,4,4,3,4,4,3,4,4,3,4,4,4,4,4,4,4,4,4,4,4,4,4,5,5,1,1,,1,2,3,4,3,2,3,2,4,4,3,4,4,4,4,4,4,4,4,4,7,race dosnt matter god make humans humans make rece ,1,algebra,1,2,2,3,3,2,3,2,3,1,1,1,1,2,2,2,2,1,1,4,1,1,2,3,2,3,2,1,1,7,3,humanity language ,2,i was orn in hospital,2,,1,8
0,3,2,3,2,2,4,2,2,3,2,2,2,4,2,2,1,4,3,2,2,2,1,4,3,2,2,2,2,4,4,4,3,3,3,3,3,4,4,4,1,1,2,1,1,4,3,3,4,3,2,4,2,4,7,American,1,high school algebra,2,2,1,1,4,3,2,1,1,1,2,2,2,1,2,2,2,3,2,2,2,3,2,1,3,2,4,15,2,1,3,Tagalog,2,Philippines,1,,1,4
0,1,1,1,1,4,3,1,1,2,2,4,1,1,1,4,1,1,1,1,1,1,1,2,4,1,1,1,1,3,2,2,2,3,2,2,3,2,1,1,2,1,1,1,2,2,3,4,4,4,3,3,1,3,6,,1,Right now i got 76 lol,2,4,4,4,4,4,4,1,1,1,2,3,4,1,1,2,4,4,2,1,1,1,1,2,1,1,1,,2,1,1,,2,Nepal,3,,1,7
0,4,4,3,4,1,3,1,1,2,4,1,2,4,1,1,1,1,4,2,1,4,2,1,1,4,1,4,1,5,5,3,1,2,1,1,4,2,4,3,2,1,1,1,1,3,3,3,2,4,1,1,1,1,6,,1,High School Algebra ,1,1,1,2,4,4,1,1,1,2,3,3,4,1,3,3,4,4,3,4,1,4,4,1,3,4,4,14,1,1,3,Punjabi,2,India,1,,5,6
0,3,3,3,2,1,2,2,2,2,2,2,3,2,2,1,1,1,1,2,2,2,1,2,2,2,2,2,2,3,3,3,3,3,3,2,3,3,3,3,1,1,2,2,1,3,3,3,3,3,3,3,3,3,7,,1,idk,1,1,2,1,2,1,2,1,,2,3,2,2,2,3,2,2,1,1,2,2,2,2,1,2,2,2,,1,7,1,,2,Vietnam,1,,1,1
0,1,1,1,1,1,1,1,1,1,1,1,1,1,1,1,1,1,1,1,1,1,1,1,1,1,1,1,1,3,3,1,1,1,1,1,1,1,1,1,1,1,1,1,1,1,1,1,1,1,1,1,1,1,1,,2,dumb,1,1,1,1,1,1,1,1,1,3,3,3,3,3,3,3,3,1,1,1,1,1,1,1,1,1,1,,1,3,3,african,2,nigeria,4,,2,1
0,2,2,2,1,4,2,,3,2,3,1,2,3,2,2,3,4,3,2,1,2,3,4,2,3,2,3,3,3,2,2,,1,1,2,3,4,3,2,1,2,3,4,3,2,1,2,3,4,2,1,2,3,6,,2,High School algebra,2,3,3,3,3,3,2,2,3,1,2,3,3,4,3,2,1,1,2,2,3,4,3,2,3,3,2,,1,3,1,,1,,1,,4,4
0,1,2,1,1,1,3,1,1,1,1,1,2,1,1,4,3,1,1,1,1,1,1,4,1,1,4,4,4,3,,3,1,1,3,1,1,4,2,3,4,1,1,1,1,1,3,2,2,2,2,1,1,2,6,,1,,4,3,4,4,3,4,4,4,1,1,4,4,3,2,2,2,2,3,3,1,1,4,4,2,1,1,3,15,2,4,1,,1,,1,,5,8
0,2,2,,1,1,3,1,2,4,2,3,2,2,1,1,2,4,2,1,,1,2,1,4,3,2,1,2,4,4,1,2,3,2,2,2,1,2,2,1,1,1,1,1,2,2,2,2,2,3,3,3,3,1,,2,nun,1,1,1,2,2,1,1,1,4,2,1,2,3,4,3,2,1,1,2,3,4,3,2,1,2,3,4,12,2,3,3,spangilsh,2,mexico,1,,2,2
0,1,1,1,1,1,1,1,4,4,4,4,4,4,4,3,4,4,4,4,4,4,1,1,1,1,1,1,1,3,3,2,2,2,2,2,2,3,3,2,1,1,1,1,1,1,1,1,1,1,1,1,1,1,7,Red Neck,1,,1,1,1,1,1,1,1,1,1,1,1,1,1,2,2,1,1,1,1,1,2,1,1,2,1,2,4,,1,4,2,,1,,1,,1,2
0,3,2,1,2,2,1,1,3,1,3,3,2,4,1,1,3,2,4,4,2,4,1,2,2,4,4,4,3,3,3,2,1,2,2,1,3,3,2,2,2,1,1,2,3,2,2,2,2,3,2,1,1,1,7,Korean,2,high school algebra,2,1,2,2,3,3,2,2,1,1,1,3,3,2,2,2,2,2,2,3,2,3,4,1,1,1,2,15,1,4,2,,1,,1,,1,1
0,2,1,2,1,2,2,,1,1,2,2,1,2,,,,,,,,,,,,,,,,3,2,2,1,2,2,2,4,4,3,2,1,1,1,3,1,3,3,3,3,4,2,2,1,3,6,,1,algebra 1,2,3,1,3,2,2,1,1,1,2,3,2,3,2,3,2,3,2,1,2,1,2,2,1,1,1,2,14,1,7,,,1,,1,,1,3
0,1,1,1,1,4,4,4,3,3,3,3,3,3,3,3,3,3,3,3,3,3,1,3,3,3,3,3,3,3,3,2,2,2,2,2,2,2,2,2,3,2,3,2,3,3,3,2,2,2,2,2,2,2,2,,1,ok,4,4,4,4,4,4,4,4,4,4,4,4,4,4,4,4,4,4,4,4,4,4,4,4,4,4,4,15,2,4,1,,1,,1,,5,2
0,1,,3,3,3,4,1,2,3,4,3,1,4,1,3,2,2,3,3,2,4,1,1,3,1,3,4,4,4,3,2,1,2,1,1,1,1,1,1,1,1,1,1,1,3,4,4,4,3,2,2,2,3,3,,2,,2,4,3,2,4,3,4,4,1,2,2,2,2,2,3,2,2,2,1,1,1,2,2,1,1,1,1,14,2,4,2,,1,,1,,5,2
0,3,4,2,3,2,3,2,3,1,2,3,1,4,1,1,4,2,4,2,2,4,1,4,4,4,4,4,4,3,3,3,1,3,4,4,4,2,4,4,2,3,2,3,3,1,1,1,1,1,3,1,2,1,6,,1,"high school,algebra 1",1,1,2,2,3,3,2,4,3,1,3,2,3,2,3,2,3,2,1,3,1,3,3,2,2,1,3,15,1,4,3,both,1,,1,,4,6
0,3,1,2,1,4,2,1,1,1,2,1,1,3,1,1,2,3,1,1,3,3,1,3,4,4,4,4,3,3,3,1,1,1,2,1,2,3,3,3,1,1,1,1,1,3,3,3,3,3,1,3,1,4,6,,1,high school algebra,1,2,2,3,3,4,1,1,1,2,3,2,3,2,2,2,2,3,3,3,2,3,4,1,1,3,3,15,1,4,1,,1,,1,,3,2
0,1,2,2,2,4,1,1,4,3,3,4,3,4,1,1,2,1,3,4,3,4,1,4,3,3,4,4,2,3,2,2,1,1,2,1,3,4,2,3,2,1,4,4,3,3,4,4,4,3,3,1,1,1,6,,1,highschool algbra,4,4,1,4,4,4,2,4,1,1,1,3,3,1,1,2,2,3,3,3,1,4,4,1,2,2,2,14,2,4,2,,1,,1,,5,1
0,2,1,1,1,1,3,1,2,2,4,1,1,2,1,1,4,2,3,1,2,1,1,1,4,1,4,2,1,2,2,3,2,4,1,1,1,1,1,1,2,1,1,2,1,1,4,4,4,4,3,1,1,1,7,Indian,2,high school algebra 1,4,4,,4,2,3,2,2,1,1,2,2,3,1,2,2,2,1,1,1,1,1,3,1,2,2,3,14,2,4,1,,1,,1,,4,1
0,1,2,2,1,4,3,1,3,2,3,4,1,2,1,3,4,3,2,3,1,2,1,2,2,2,3,3,4,3,3,3,3,3,1,1,1,1,2,1,4,3,1,2,4,2,2,2,2,2,3,1,3,1,6,,1,point slope form,3,4,3,4,2,2,4,4,4,2,2,2,2,2,2,2,2,1,3,3,3,2,3,1,2,3,3,15,1,3,1,,1,,1,,5,2
0,2,3,4,1,2,4,2,1,,,,,,,,,,,,,,,2,,,,2,,,,,,,,,,,,,,,,,,,,,,,,,,,,,,,,,,,,,,,,,,,,,,,,,,,,,,,,,,,,,,,,,,,,
0,1,2,1,1,4,2,2,3,1,2,4,3,3,1,2,3,3,4,3,,4,1,2,2,3,2,4,2,3,2,2,3,2,2,1,3,4,4,4,1,1,1,1,1,3,1,3,3,3,3,2,1,3,6,,1,high school algebra ,3,3,3,3,4,2,2,1,1,1,1,3,3,1,1,3,3,3,2,3,2,3,4,1,1,1,2,14,2,4,1,,1,,1,,1,2
0,3,3,3,2,1,2,1,,,,,,,,1,1,1,4,3,1,4,1,3,4,4,1,4,2,3,4,4,3,3,4,4,4,4,4,4,1,1,1,4,1,3,4,4,4,4,1,4,1,3,3,,2,Middle School Math,1,1,2,1,4,4,1,1,1,1,1,1,1,1,1,1,1,4,3,3,1,4,3,1,1,1,3,14,1,4,1,,1,,1,,5,1
0,2,1,3,1,4,4,1,1,3,4,4,4,4,4,3,2,4,3,2,2,4,2,4,2,4,4,4,3,3,4,4,2,4,4,2,4,4,4,4,1,1,1,1,4,2,4,4,4,4,1,3,1,4,6,,1,"tennyson,Algebra 1",2,4,4,4,4,1,4,1,4,1,1,4,4,1,3,1,1,4,4,4,4,4,4,1,4,4,3,14,2,4,3,both english and spanish,1,,1,,4,3
0,2,2,2,2,4,3,1,2,2,2,3,1,,1,1,4,1,4,4,4,4,1,4,4,4,4,4,1,5,3,4,4,4,4,4,4,4,4,4,1,1,3,3,1,4,4,4,4,4,1,4,1,4,6,,1,Algebra 1,1,2,2,2,3,1,1,1,1,2,1,1,2,2,1,1,2,2,2,4,2,4,4,1,1,1,4,15,2,4,2,,1,,1,,5,3
0,2,2,2,1,2,2,1,3,1,3,4,3,3,1,1,4,2,2,2,2,4,1,2,3,2,3,3,1,3,3,2,2,3,2,3,3,4,4,3,1,1,1,1,1,3,3,3,3,4,1,3,1,2,3,,2,High School Algebra,2,2,2,3,2,3,2,1,1,2,2,2,2,2,2,2,2,2,1,1,1,3,3,1,1,1,2,15,1,2,1,,1,,1,,4,6
0,1,1,1,4,4,2,1,2,1,1,1,1,1,3,3,2,1,1,4,1,1,2,3,2,1,1,2,3,3,2,4,2,1,2,4,1,2,3,2,4,4,4,2,4,3,3,3,2,2,4,1,4,1,6,,1,algebra1,4,4,1,4,2,2,4,4,2,2,2,2,3,3,2,2,2,2,3,2,4,2,3,3,3,2,2,17,1,3,3,swahilli,2,africa kenya,3,,4,8
0,3,4,2,4,1,4,1,2,2,4,4,4,4,4,3,3,3,2,3,2,4,1,4,3,3,3,3,3,4,4,4,4,4,4,4,4,4,4,4,1,1,1,1,1,,,,,,1,4,1,4,6,,1,algebra,1,1,1,1,4,4,1,1,1,1,1,1,1,1,1,1,1,4,4,4,4,4,4,4,4,4,4,16,2,1,1,,2,philippines,1,,5,8
0,3,3,4,4,2,,1,2,2,3,3,2,4,1,2,2,2,2,2,2,2,1,2,3,2,2,3,3,3,4,2,2,2,3,3,3,3,3,3,1,1,1,1,1,2,4,4,4,4,1,1,1,2,6,,1,high school algebra 1,2,2,2,2,2,2,2,2,2,3,3,3,3,2,3,3,2,3,2,3,3,3,3,2,2,3,3,16,2,4,2,,2,mexico,3,,1,2